country_index,iso,iso3,iso_code,fips,display_name,official_name,capital,continent,currency_code,currency_name,phone,region_code,region_name,sub_region_code,sub_region_name,intermediate_region_code,intermediate_region_name,status,developed_or_developing,small_island_developing_states_sids,land_locked_developing_countries_lldc,least_developed_countries_ldc,area_sqkm,population
0,AF,AFG,4.0,AF,Afghanistan,Afghanistan,Kabul,Asia,AFN,Afghani,93,142.0,Asia,34.0,Southern Asia,\N,\N,Independent,Developing,\N,True,True,647500.0,29121286.0
1,AX,ALA,248.0,\N,Aland Islands,Åland Islands,Mariehamn,Europe,EUR,Euro,340,150.0,Europe,154.0,Northern Europe,\N,\N,Part of FI,Developed,\N,\N,\N,1580.0,26711.0
2,AL,ALB,8.0,AL,Albania,Albania,Tirana,Europe,ALL,Lek,355,150.0,Europe,39.0,Southern Europe,\N,\N,Independent,Developed,\N,\N,\N,28748.0,2986952.0
3,DZ,DZA,12.0,AG,Algeria,Algeria,Algiers,Africa,DZD,Dinar,213,2.0,Africa,15.0,Northern Africa,\N,\N,Independent,Developing,\N,\N,\N,2381740.0,34586184.0
4,AS,ASM,16.0,AQ,American Samoa,American Samoa,Pago Pago,Oceania,USD,Dollar,-683,9.0,Oceania,61.0,Polynesia,\N,\N,Territory of US,Developing,True,\N,\N,199.0,57881.0
5,AD,AND,20.0,AN,Andorra,Andorra,Andorra la Vella,Europe,EUR,Euro,376,150.0,Europe,39.0,Southern Europe,\N,\N,Independent,Developed,\N,\N,\N,468.0,84000.0
6,AO,AGO,24.0,AO,Angola,Angola,Luanda,Africa,AOA,Kwanza,244,2.0,Africa,202.0,Sub-Saharan Africa,17.0,Middle Africa,Independent,Developing,\N,\N,True,1246700.0,13068161.0
7,AI,AIA,660.0,AV,Anguilla,Anguilla,The Valley,North America,XCD,Dollar,-263,19.0,Americas,419.0,Latin America and the Caribbean,29.0,Caribbean,Territory of GB,Developing,True,\N,\N,102.0,13254.0
8,AQ,ATA,10.0,AY,Antarctica,Antarctica,\N,Antarctica,\N,\N,\N,\N,\N,\N,\N,\N,\N,International,\N,\N,\N,\N,14000000.0,0.0
9,AG,ATG,28.0,AC,Antigua and Barbuda,Antigua and Barbuda,St. John's,North America,XCD,Dollar,-267,19.0,Americas,419.0,Latin America and the Caribbean,29.0,Caribbean,Independent,Developing,True,\N,\N,443.0,86754.0
10,AR,ARG,32.0,AR,Argentina,Argentina,Buenos Aires,South America,ARS,Peso,54,19.0,Americas,419.0,Latin America and the Caribbean,5.0,South America,Independent,Developing,\N,\N,\N,2766890.0,41343201.0
11,AM,ARM,51.0,AM,Armenia,Armenia,Yerevan,Asia,AMD,Dram,374,142.0,Asia,145.0,Western Asia,\N,\N,Independent,Developing,\N,True,\N,29800.0,2968000.0
12,AW,ABW,533.0,AA,Aruba,Aruba,Oranjestad,North America,AWG,Guilder,297,19.0,Americas,419.0,Latin America and the Caribbean,29.0,Caribbean,Part of NL,Developing,True,\N,\N,193.0,71566.0
13,AU,AUS,36.0,AS,Australia,Australia,Canberra,Oceania,AUD,Dollar,61,9.0,Oceania,53.0,Australia and New Zealand,\N,\N,Independent,Developed,\N,\N,\N,7686850.0,21515754.0
14,AT,AUT,40.0,AU,Austria,Austria,Vienna,Europe,EUR,Euro,43,150.0,Europe,155.0,Western Europe,\N,\N,Independent,Developed,\N,\N,\N,83858.0,8205000.0
15,AZ,AZE,31.0,AJ,Azerbaijan,Azerbaijan,Baku,Asia,AZN,Manat,994,142.0,Asia,145.0,Western Asia,\N,\N,Independent,Developing,\N,True,\N,86600.0,8303512.0
16,BS,BHS,44.0,BF,Bahamas,Bahamas,Nassau,North America,BSD,Dollar,-241,19.0,Americas,419.0,Latin America and the Caribbean,29.0,Caribbean,Independent,Developing,True,\N,\N,13940.0,301790.0
17,BH,BHR,48.0,BA,Bahrain,Bahrain,Manama,Asia,BHD,Dinar,973,142.0,Asia,145.0,Western Asia,\N,\N,Independent,Developing,\N,\N,\N,665.0,738004.0
18,BD,BGD,50.0,BG,Bangladesh,Bangladesh,Dhaka,Asia,BDT,Taka,880,142.0,Asia,34.0,Southern Asia,\N,\N,Independent,Developing,\N,\N,True,144000.0,156118464.0
19,BB,BRB,52.0,BB,Barbados,Barbados,Bridgetown,North America,BBD,Dollar,-245,19.0,Americas,419.0,Latin America and the Caribbean,29.0,Caribbean,Independent,Developing,True,\N,\N,431.0,285653.0
20,BY,BLR,112.0,BO,Belarus,Belarus,Minsk,Europe,BYN,Belarusian ruble,375,150.0,Europe,151.0,Eastern Europe,\N,\N,Independent,Developed,\N,\N,\N,207600.0,9685000.0
21,BE,BEL,56.0,BE,Belgium,Belgium,Brussels,Europe,EUR,Euro,32,150.0,Europe,155.0,Western Europe,\N,\N,Independent,Developed,\N,\N,\N,30510.0,10403000.0
22,BZ,BLZ,84.0,BH,Belize,Belize,Belmopan,North America,BZD,Dollar,501,19.0,Americas,419.0,Latin America and the Caribbean,13.0,Central America,Independent,Developing,True,\N,\N,22966.0,314522.0
23,BJ,BEN,204.0,BN,Benin,Benin,Porto-Novo,Africa,XOF,Franc,229,2.0,Africa,202.0,Sub-Saharan Africa,11.0,Western Africa,Independent,Developing,\N,\N,True,112620.0,9056010.0
24,BM,BMU,60.0,BD,Bermuda,Bermuda,Hamilton,North America,BMD,Dollar,-440,19.0,Americas,21.0,Northern America,\N,\N,Territory of GB,Developed,\N,\N,\N,53.0,65365.0
25,BT,BTN,64.0,BT,Bhutan,Bhutan,Thimphu,Asia,BTN,Ngultrum,975,142.0,Asia,34.0,Southern Asia,\N,\N,Independent,Developing,\N,True,True,47000.0,699847.0
26,BO,BOL,68.0,BL,Bolivia,Bolivia (Plurinational State of),Sucre,South America,BOB,Boliviano,591,19.0,Americas,419.0,Latin America and the Caribbean,5.0,South America,Independent,Developing,\N,True,\N,1098580.0,9947418.0
27,BQ,BES,535.0,\N,"Bonaire, Saint Eustatius and Saba ","Bonaire, Sint Eustatius and Saba",\N,North America,USD,Dollar,599,19.0,Americas,419.0,Latin America and the Caribbean,29.0,Caribbean,Part of NL,Developing,True,\N,\N,328.0,18012.0
28,BA,BIH,70.0,BK,Bosnia and Herzegovina,Bosnia and Herzegovina,Sarajevo,Europe,BAM,Marka,387,150.0,Europe,39.0,Southern Europe,\N,\N,Independent,Developed,\N,\N,\N,51129.0,4590000.0
29,BW,BWA,72.0,BC,Botswana,Botswana,Gaborone,Africa,BWP,Pula,267,2.0,Africa,202.0,Sub-Saharan Africa,18.0,Southern Africa,Independent,Developing,\N,True,\N,600370.0,2029307.0
30,BV,BVT,74.0,BV,Bouvet Island,Bouvet Island,\N,Antarctica,NOK,Krone,\N,19.0,Americas,419.0,Latin America and the Caribbean,5.0,South America,Territory of NO,Developing,\N,\N,\N,49.0,0.0
31,BR,BRA,76.0,BR,Brazil,Brazil,Brasilia,South America,BRL,Real,55,19.0,Americas,419.0,Latin America and the Caribbean,5.0,South America,Independent,Developing,\N,\N,\N,8511965.0,201103330.0
32,IO,IOT,86.0,IO,British Indian Ocean Territory,British Indian Ocean Territory,Diego Garcia,Asia,USD,Dollar,246,2.0,Africa,202.0,Sub-Saharan Africa,14.0,Eastern Africa,Territory of GB,Developing,\N,\N,\N,60.0,4000.0
33,VG,VGB,92.0,VI,British Virgin Islands,British Virgin Islands,Road Town,North America,USD,Dollar,-283,19.0,Americas,419.0,Latin America and the Caribbean,29.0,Caribbean,Territory of GB,Developing,True,\N,\N,153.0,21730.0
34,BN,BRN,96.0,BX,Brunei,Brunei Darussalam,Bandar Seri Begawan,Asia,BND,Dollar,673,142.0,Asia,35.0,South-eastern Asia,\N,\N,Independent,Developing,\N,\N,\N,5770.0,395027.0
35,BG,BGR,100.0,BU,Bulgaria,Bulgaria,Sofia,Europe,BGN,Lev,359,150.0,Europe,151.0,Eastern Europe,\N,\N,Independent,Developed,\N,\N,\N,110910.0,7148785.0
36,BF,BFA,854.0,UV,Burkina Faso,Burkina Faso,Ouagadougou,Africa,XOF,Franc,226,2.0,Africa,202.0,Sub-Saharan Africa,11.0,Western Africa,Independent,Developing,\N,True,True,274200.0,16241811.0
37,BI,BDI,108.0,BY,Burundi,Burundi,Bujumbura,Africa,BIF,Franc,257,2.0,Africa,202.0,Sub-Saharan Africa,14.0,Eastern Africa,Independent,Developing,\N,True,True,27830.0,9863117.0
38,KH,KHM,116.0,CB,Cambodia,Cambodia,Phnom Penh,Asia,KHR,Riels,855,142.0,Asia,35.0,South-eastern Asia,\N,\N,Independent,Developing,\N,\N,True,181040.0,14453680.0
39,CM,CMR,120.0,CM,Cameroon,Cameroon,Yaounde,Africa,XAF,Franc,237,2.0,Africa,202.0,Sub-Saharan Africa,17.0,Middle Africa,Independent,Developing,\N,\N,\N,475440.0,19294149.0
40,CA,CAN,124.0,CA,Canada,Canada,Ottawa,North America,CAD,Dollar,1,19.0,Americas,21.0,Northern America,\N,\N,Independent,Developed,\N,\N,\N,9984670.0,33679000.0
41,CV,CPV,132.0,CV,Cape Verde,Cabo Verde,Praia,Africa,CVE,Escudo,238,2.0,Africa,202.0,Sub-Saharan Africa,11.0,Western Africa,Independent,Developing,True,\N,\N,4033.0,508659.0
42,KY,CYM,136.0,CJ,Cayman Islands,Cayman Islands,George Town,North America,KYD,Dollar,-344,19.0,Americas,419.0,Latin America and the Caribbean,29.0,Caribbean,Territory of GB,Developing,\N,\N,\N,262.0,44270.0
43,CF,CAF,140.0,CT,Central African Republic,Central African Republic,Bangui,Africa,XAF,Franc,236,2.0,Africa,202.0,Sub-Saharan Africa,17.0,Middle Africa,Independent,Developing,\N,True,True,622984.0,4844927.0
44,TD,TCD,148.0,CD,Chad,Chad,N'Djamena,Africa,XAF,Franc,235,2.0,Africa,202.0,Sub-Saharan Africa,17.0,Middle Africa,Independent,Developing,\N,True,True,1284000.0,10543464.0
45,CL,CHL,152.0,CI,Chile,Chile,Santiago,South America,CLP,Peso,56,19.0,Americas,419.0,Latin America and the Caribbean,5.0,South America,Independent,Developing,\N,\N,\N,756950.0,16746491.0
46,CN,CHN,156.0,CH,China,China,Beijing,Asia,CNY,Yuan Renminbi,86,142.0,Asia,30.0,Eastern Asia,\N,\N,Independent,Developing,\N,\N,\N,9596960.0,1330044000.0
47,CX,CXR,162.0,KT,Christmas Island,Christmas Island,Flying Fish Cove,Oceania,AUD,Dollar,61,9.0,Oceania,53.0,Australia and New Zealand,\N,\N,Territory of AU,Developed,\N,\N,\N,135.0,1500.0
48,CC,CCK,166.0,CK,Cocos Islands,Cocos (Keeling) Islands,West Island,Asia,AUD,Dollar,61,9.0,Oceania,53.0,Australia and New Zealand,\N,\N,Territory of AU,Developed,\N,\N,\N,14.0,628.0
49,CO,COL,170.0,CO,Colombia,Colombia,Bogota,South America,COP,Peso,57,19.0,Americas,419.0,Latin America and the Caribbean,5.0,South America,Independent,Developing,\N,\N,\N,1138910.0,47790000.0
50,KM,COM,174.0,CN,Comoros,Comoros,Moroni,Africa,KMF,Franc,269,2.0,Africa,202.0,Sub-Saharan Africa,14.0,Eastern Africa,Independent,Developing,True,\N,True,2170.0,773407.0
51,CK,COK,184.0,CW,Cook Islands,Cook Islands,Avarua,Oceania,NZD,Dollar,682,9.0,Oceania,61.0,Polynesia,\N,\N,Associated with NZ,Developing,True,\N,\N,240.0,21388.0
52,CR,CRI,188.0,CS,Costa Rica,Costa Rica,San Jose,North America,CRC,Colon,506,19.0,Americas,419.0,Latin America and the Caribbean,13.0,Central America,Independent,Developing,\N,\N,\N,51100.0,4516220.0
53,HR,HRV,191.0,HR,Croatia,Croatia,Zagreb,Europe,HRK,Kuna,385,150.0,Europe,39.0,Southern Europe,\N,\N,Independent,Developed,\N,\N,\N,56542.0,4284889.0
54,CU,CUB,192.0,CU,Cuba,Cuba,Havana,North America,CUP,Peso,53,19.0,Americas,419.0,Latin America and the Caribbean,29.0,Caribbean,Independent,Developing,True,\N,\N,110860.0,11423000.0
55,CW,CUW,531.0,UC,Curacao,Curaçao, Willemstad,North America,ANG,Guilder,599,19.0,Americas,419.0,Latin America and the Caribbean,29.0,Caribbean,Part of NL,Developing,True,\N,\N,444.0,141766.0
56,CY,CYP,196.0,CY,Cyprus,Cyprus,Nicosia,Europe,EUR,Euro,357,142.0,Asia,145.0,Western Asia,\N,\N,Independent,Developed,\N,\N,\N,9250.0,1102677.0
57,CZ,CZE,203.0,EZ,Czechia,Czechia,Prague,Europe,CZK,Koruna,420,150.0,Europe,151.0,Eastern Europe,\N,\N,Independent,Developed,\N,\N,\N,78866.0,10476000.0
58,CD,COD,180.0,CG,Democratic Republic of the Congo,Democratic Republic of the Congo,Kinshasa,Africa,CDF,Franc,243,2.0,Africa,202.0,Sub-Saharan Africa,17.0,Middle Africa,Independent,Developing,\N,\N,True,2345410.0,70916439.0
59,DK,DNK,208.0,DA,Denmark,Denmark,Copenhagen,Europe,DKK,Krone,45,150.0,Europe,154.0,Northern Europe,\N,\N,Independent,Developed,\N,\N,\N,43094.0,5484000.0
60,DJ,DJI,262.0,DJ,Djibouti,Djibouti,Djibouti,Africa,DJF,Franc,253,2.0,Africa,202.0,Sub-Saharan Africa,14.0,Eastern Africa,Independent,Developing,\N,\N,True,23000.0,740528.0
61,DM,DMA,212.0,DO,Dominica,Dominica,Roseau,North America,XCD,Dollar,-766,19.0,Americas,419.0,Latin America and the Caribbean,29.0,Caribbean,Independent,Developing,True,\N,\N,754.0,72813.0
62,DO,DOM,214.0,DR,Dominican Republic,Dominican Republic,Santo Domingo,North America,DOP,Peso,+1-809 and 1-829,19.0,Americas,419.0,Latin America and the Caribbean,29.0,Caribbean,Independent,Developing,True,\N,\N,48730.0,9823821.0
63,EC,ECU,218.0,EC,Ecuador,Ecuador,Quito,South America,USD,Dollar,593,19.0,Americas,419.0,Latin America and the Caribbean,5.0,South America,Independent,Developing,\N,\N,\N,283560.0,14790608.0
64,EG,EGY,818.0,EG,Egypt,Egypt,Cairo,Africa,EGP,Pound,20,2.0,Africa,15.0,Northern Africa,\N,\N,Independent,Developing,\N,\N,\N,1001450.0,80471869.0
65,SV,SLV,222.0,ES,El Salvador,El Salvador,San Salvador,North America,USD,Dollar,503,19.0,Americas,419.0,Latin America and the Caribbean,13.0,Central America,Independent,Developing,\N,\N,\N,21040.0,6052064.0
66,GQ,GNQ,226.0,EK,Equatorial Guinea,Equatorial Guinea,Malabo,Africa,XAF,Franc,240,2.0,Africa,202.0,Sub-Saharan Africa,17.0,Middle Africa,Independent,Developing,\N,\N,\N,28051.0,1014999.0
67,ER,ERI,232.0,ER,Eritrea,Eritrea,Asmara,Africa,ERN,Nakfa,291,2.0,Africa,202.0,Sub-Saharan Africa,14.0,Eastern Africa,Independent,Developing,\N,\N,True,121320.0,5792984.0
68,EE,EST,233.0,EN,Estonia,Estonia,Tallinn,Europe,EUR,Euro,372,150.0,Europe,154.0,Northern Europe,\N,\N,Independent,Developed,\N,\N,\N,45226.0,1291170.0
69,ET,ETH,231.0,ET,Ethiopia,Ethiopia,Addis Ababa,Africa,ETB,Birr,251,2.0,Africa,202.0,Sub-Saharan Africa,14.0,Eastern Africa,Independent,Developing,\N,True,True,1127127.0,88013491.0
70,FK,FLK,238.0,FK,Falkland Islands,Falkland Islands (Malvinas),Stanley,South America,FKP,Pound,500,19.0,Americas,419.0,Latin America and the Caribbean,5.0,South America,Territory of GB,Developing,\N,\N,\N,12173.0,2638.0
71,FO,FRO,234.0,FO,Faroe Islands,Faroe Islands,Torshavn,Europe,DKK,Krone,298,150.0,Europe,154.0,Northern Europe,\N,\N,Part of DK,Developed,\N,\N,\N,1399.0,48228.0
72,FJ,FJI,242.0,FJ,Fiji,Fiji,Suva,Oceania,FJD,Dollar,679,9.0,Oceania,54.0,Melanesia,\N,\N,Independent,Developing,True,\N,\N,18270.0,875983.0
73,FI,FIN,246.0,FI,Finland,Finland,Helsinki,Europe,EUR,Euro,358,150.0,Europe,154.0,Northern Europe,\N,\N,Independent,Developed,\N,\N,\N,337030.0,5244000.0
74,FR,FRA,250.0,FR,France,France,Paris,Europe,EUR,Euro,33,150.0,Europe,155.0,Western Europe,\N,\N,Independent,Developed,\N,\N,\N,547030.0,64768389.0
75,GF,GUF,254.0,FG,French Guiana,French Guiana,Cayenne,South America,EUR,Euro,594,19.0,Americas,419.0,Latin America and the Caribbean,5.0,South America,Part of FR,Developing,\N,\N,\N,91000.0,195506.0
76,PF,PYF,258.0,FP,French Polynesia,French Polynesia,Papeete,Oceania,XPF,Franc,689,9.0,Oceania,61.0,Polynesia,\N,\N,Territory of FR,Developing,True,\N,\N,4167.0,270485.0
77,TF,ATF,260.0,FS,French Southern Territories,French Southern Territories,Port-aux-Francais,Antarctica,EUR,Euro  ,\N,2.0,Africa,202.0,Sub-Saharan Africa,14.0,Eastern Africa,Territory of FR,Developing,\N,\N,\N,7829.0,140.0
78,GA,GAB,266.0,GB,Gabon,Gabon,Libreville,Africa,XAF,Franc,241,2.0,Africa,202.0,Sub-Saharan Africa,17.0,Middle Africa,Independent,Developing,\N,\N,\N,267667.0,1545255.0
79,GM,GMB,270.0,GA,Gambia,Gambia,Banjul,Africa,GMD,Dalasi,220,2.0,Africa,202.0,Sub-Saharan Africa,11.0,Western Africa,Independent,Developing,\N,\N,True,11300.0,1593256.0
81,GE,GEO,268.0,GG,Georgia,Georgia,Tbilisi,Asia,GEL,Lari,995,142.0,Asia,145.0,Western Asia,\N,\N,Independent,Developing,\N,\N,\N,69700.0,4630000.0
82,DE,DEU,276.0,GM,Germany,Germany,Berlin,Europe,EUR,Euro,49,150.0,Europe,155.0,Western Europe,\N,\N,Independent,Developed,\N,\N,\N,357021.0,81802257.0
83,GH,GHA,288.0,GH,Ghana,Ghana,Accra,Africa,GHS,Cedi,233,2.0,Africa,202.0,Sub-Saharan Africa,11.0,Western Africa,Independent,Developing,\N,\N,\N,239460.0,24339838.0
84,GI,GIB,292.0,GI,Gibraltar,Gibraltar,Gibraltar,Europe,GIP,Pound,350,150.0,Europe,39.0,Southern Europe,\N,\N,Territory of GB,Developed,\N,\N,\N,6.5,27884.0
85,GR,GRC,300.0,GR,Greece,Greece,Athens,Europe,EUR,Euro,30,150.0,Europe,39.0,Southern Europe,\N,\N,Independent,Developed,\N,\N,\N,131940.0,11000000.0
86,GL,GRL,304.0,GL,Greenland,Greenland,Nuuk,North America,DKK,Krone,299,19.0,Americas,21.0,Northern America,\N,\N,Part of DK,Developed,\N,\N,\N,2166086.0,56375.0
87,GD,GRD,308.0,GJ,Grenada,Grenada,St. George's,North America,XCD,Dollar,-472,19.0,Americas,419.0,Latin America and the Caribbean,29.0,Caribbean,Independent,Developing,True,\N,\N,344.0,107818.0
88,GP,GLP,312.0,GP,Guadeloupe,Guadeloupe,Basse-Terre,North America,EUR,Euro,590,19.0,Americas,419.0,Latin America and the Caribbean,29.0,Caribbean,Part of FR,Developing,\N,\N,\N,1780.0,443000.0
89,GU,GUM,316.0,GQ,Guam,Guam,Hagatna,Oceania,USD,Dollar,-670,9.0,Oceania,57.0,Micronesia,\N,\N,Territory of US,Developing,True,\N,\N,549.0,159358.0
90,GT,GTM,320.0,GT,Guatemala,Guatemala,Guatemala City,North America,GTQ,Quetzal,502,19.0,Americas,419.0,Latin America and the Caribbean,13.0,Central America,Independent,Developing,\N,\N,\N,108890.0,13550440.0
91,GG,GGY,831.0,GK,Guernsey,Guernsey,St Peter Port,Europe,GBP,Pound,-1437,150.0,Europe,154.0,Northern Europe,830.0,Channel Islands,Crown dependency of GB,Developed,\N,\N,\N,78.0,65228.0
92,GN,GIN,324.0,GV,Guinea,Guinea,Conakry,Africa,GNF,Franc,224,2.0,Africa,202.0,Sub-Saharan Africa,11.0,Western Africa,Independent,Developing,\N,\N,True,245857.0,10324025.0
93,GW,GNB,624.0,PU,Guinea-Bissau,Guinea-Bissau,Bissau,Africa,XOF,Franc,245,2.0,Africa,202.0,Sub-Saharan Africa,11.0,Western Africa,Independent,Developing,True,\N,True,36120.0,1565126.0
94,GY,GUY,328.0,GY,Guyana,Guyana,Georgetown,South America,GYD,Dollar,592,19.0,Americas,419.0,Latin America and the Caribbean,5.0,South America,Independent,Developing,True,\N,\N,214970.0,748486.0
95,HT,HTI,332.0,HA,Haiti,Haiti,Port-au-Prince,North America,HTG,Gourde,509,19.0,Americas,419.0,Latin America and the Caribbean,29.0,Caribbean,Independent,Developing,True,\N,True,27750.0,9648924.0
96,HM,HMD,334.0,HM,Heard Island and McDonald Islands,Heard Island and McDonald Islands,\N,Antarctica,AUD,Dollar, ,9.0,Oceania,53.0,Australia and New Zealand,\N,\N,Territory of AU,Developed,\N,\N,\N,412.0,0.0
97,HN,HND,340.0,HO,Honduras,Honduras,Tegucigalpa,North America,HNL,Lempira,504,19.0,Americas,419.0,Latin America and the Caribbean,13.0,Central America,Independent,Developing,\N,\N,\N,112090.0,7989415.0
98,HK,HKG,344.0,HK,Hong Kong,"China, Hong Kong Special Administrative Region",Hong Kong,Asia,HKD,Dollar,852,142.0,Asia,30.0,Eastern Asia,\N,\N,Part of CN,Developing,\N,\N,\N,1092.0,6898686.0
99,HU,HUN,348.0,HU,Hungary,Hungary,Budapest,Europe,HUF,Forint,36,150.0,Europe,151.0,Eastern Europe,\N,\N,Independent,Developed,\N,\N,\N,93030.0,9982000.0
100,IS,ISL,352.0,IC,Iceland,Iceland,Reykjavik,Europe,ISK,Krona,354,150.0,Europe,154.0,Northern Europe,\N,\N,Independent,Developed,\N,\N,\N,103000.0,308910.0
101,IN,IND,356.0,IN,India,India,New Delhi,Asia,INR,Rupee,91,142.0,Asia,34.0,Southern Asia,\N,\N,Independent,Developing,\N,\N,\N,3287590.0,1173108018.0
102,ID,IDN,360.0,ID,Indonesia,Indonesia,Jakarta,Asia,IDR,Rupiah,62,142.0,Asia,35.0,South-eastern Asia,\N,\N,Independent,Developing,\N,\N,\N,1919440.0,242968342.0
103,IR,IRN,364.0,IR,Iran,Iran (Islamic Republic of),Tehran,Asia,IRR,Rial,98,142.0,Asia,34.0,Southern Asia,\N,\N,Independent,Developing,\N,\N,\N,1648000.0,76923300.0
104,IQ,IRQ,368.0,IZ,Iraq,Iraq,Baghdad,Asia,IQD,Dinar,964,142.0,Asia,145.0,Western Asia,\N,\N,Independent,Developing,\N,\N,\N,437072.0,29671605.0
105,IE,IRL,372.0,EI,Ireland,Ireland,Dublin,Europe,EUR,Euro,353,150.0,Europe,154.0,Northern Europe,\N,\N,Independent,Developed,\N,\N,\N,70280.0,4622917.0
106,IM,IMN,833.0,IM,Isle of Man,Isle of Man,Douglas,Europe,GBP,Pound,-1580,150.0,Europe,154.0,Northern Europe,\N,\N,Crown dependency of GB,Developed,\N,\N,\N,572.0,75049.0
107,IL,ISR,376.0,IS,Israel,Israel,Jerusalem,Asia,ILS,Shekel,972,142.0,Asia,145.0,Western Asia,\N,\N,Independent,Developed,\N,\N,\N,20770.0,7353985.0
108,IT,ITA,380.0,IT,Italy,Italy,Rome,Europe,EUR,Euro,39,150.0,Europe,39.0,Southern Europe,\N,\N,Independent,Developed,\N,\N,\N,301230.0,60340328.0
109,CI,CIV,384.0,IV,Ivory Coast,Côte d'Ivoire,Yamoussoukro,Africa,XOF,Franc,225,2.0,Africa,202.0,Sub-Saharan Africa,11.0,Western Africa,Independent,Developing,\N,\N,\N,322460.0,21058798.0
110,JM,JAM,388.0,JM,Jamaica,Jamaica,Kingston,North America,JMD,Dollar,-875,19.0,Americas,419.0,Latin America and the Caribbean,29.0,Caribbean,Independent,Developing,True,\N,\N,10991.0,2847232.0
111,JP,JPN,392.0,JA,Japan,Japan,Tokyo,Asia,JPY,Yen,81,142.0,Asia,30.0,Eastern Asia,\N,\N,Independent,Developed,\N,\N,\N,377835.0,127288000.0
112,JE,JEY,832.0,JE,Jersey,Jersey,Saint Helier,Europe,GBP,Pound,-1490,150.0,Europe,154.0,Northern Europe,830.0,Channel Islands,Crown dependency of GB,Developed,\N,\N,\N,116.0,90812.0
113,JO,JOR,400.0,JO,Jordan,Jordan,Amman,Asia,JOD,Dinar,962,142.0,Asia,145.0,Western Asia,\N,\N,Independent,Developing,\N,\N,\N,92300.0,6407085.0
114,KZ,KAZ,398.0,KZ,Kazakhstan,Kazakhstan,Astana,Asia,KZT,Tenge,7,142.0,Asia,143.0,Central Asia,\N,\N,Independent,Developing,\N,True,\N,2717300.0,15340000.0
115,KE,KEN,404.0,KE,Kenya,Kenya,Nairobi,Africa,KES,Shilling,254,2.0,Africa,202.0,Sub-Saharan Africa,14.0,Eastern Africa,Independent,Developing,\N,\N,\N,582650.0,40046566.0
116,KI,KIR,296.0,KR,Kiribati,Kiribati,Tarawa,Oceania,AUD,Dollar,686,9.0,Oceania,57.0,Micronesia,\N,\N,Independent,Developing,True,\N,True,811.0,92533.0
117,XK,XKX,0.0,KV,Kosovo,Kosovo,Pristina,Europe,EUR,Euro,\N,150.0,Europe,39.0,Southern Europe,\N,\N,\N,\N,\N,\N,\N,10908.0,1800000.0
118,KW,KWT,414.0,KU,Kuwait,Kuwait,Kuwait City,Asia,KWD,Dinar,965,142.0,Asia,145.0,Western Asia,\N,\N,Independent,Developing,\N,\N,\N,17820.0,2789132.0
119,KG,KGZ,417.0,KG,Kyrgyzstan,Kyrgyzstan,Bishkek,Asia,KGS,Som,996,142.0,Asia,143.0,Central Asia,\N,\N,Independent,Developing,\N,True,\N,198500.0,5776500.0
120,LA,LAO,418.0,LA,Laos,Lao People's Democratic Republic,Vientiane,Asia,LAK,Kip,856,142.0,Asia,35.0,South-eastern Asia,\N,\N,Independent,Developing,\N,True,True,236800.0,6368162.0
121,LV,LVA,428.0,LG,Latvia,Latvia,Riga,Europe,EUR,Euro,371,150.0,Europe,154.0,Northern Europe,\N,\N,Independent,Developed,\N,\N,\N,64589.0,2217969.0
122,LB,LBN,422.0,LE,Lebanon,Lebanon,Beirut,Asia,LBP,Pound,961,142.0,Asia,145.0,Western Asia,\N,\N,Independent,Developing,\N,\N,\N,10400.0,4125247.0
123,LS,LSO,426.0,LT,Lesotho,Lesotho,Maseru,Africa,LSL,Loti,266,2.0,Africa,202.0,Sub-Saharan Africa,18.0,Southern Africa,Independent,Developing,\N,True,True,30355.0,1919552.0
124,LR,LBR,430.0,LI,Liberia,Liberia,Monrovia,Africa,LRD,Dollar,231,2.0,Africa,202.0,Sub-Saharan Africa,11.0,Western Africa,Independent,Developing,\N,\N,True,111370.0,3685076.0
125,LY,LBY,434.0,LY,Libya,Libya,Tripoli,Africa,LYD,Dinar,218,2.0,Africa,15.0,Northern Africa,\N,\N,Independent,Developing,\N,\N,\N,1759540.0,6461454.0
126,LI,LIE,438.0,LS,Liechtenstein,Liechtenstein,Vaduz,Europe,CHF,Franc,423,150.0,Europe,155.0,Western Europe,\N,\N,Independent,Developed,\N,\N,\N,160.0,35000.0
127,LT,LTU,440.0,LH,Lithuania,Lithuania,Vilnius,Europe,EUR,Euro,370,150.0,Europe,154.0,Northern Europe,\N,\N,Independent,Developed,\N,\N,\N,65200.0,2944459.0
128,LU,LUX,442.0,LU,Luxembourg,Luxembourg,Luxembourg,Europe,EUR,Euro,352,150.0,Europe,155.0,Western Europe,\N,\N,Independent,Developed,\N,\N,\N,2586.0,497538.0
129,MO,MAC,446.0,MC,Macao,"China, Macao Special Administrative Region",Macao,Asia,MOP,Pataca,853,142.0,Asia,30.0,Eastern Asia,\N,\N,Part of CN,Developing,\N,\N,\N,254.0,449198.0
130,MK,MKD,807.0,MK,Macedonia,The former Yugoslav Republic of Macedonia,Skopje,Europe,MKD,Denar,389,150.0,Europe,39.0,Southern Europe,\N,\N,Independent,Developed,\N,True,\N,25333.0,2062294.0
131,MG,MDG,450.0,MA,Madagascar,Madagascar,Antananarivo,Africa,MGA,Ariary,261,2.0,Africa,202.0,Sub-Saharan Africa,14.0,Eastern Africa,Independent,Developing,\N,\N,True,587040.0,21281844.0
132,MW,MWI,454.0,MI,Malawi,Malawi,Lilongwe,Africa,MWK,Kwacha,265,2.0,Africa,202.0,Sub-Saharan Africa,14.0,Eastern Africa,Independent,Developing,\N,True,True,118480.0,15447500.0
133,MY,MYS,458.0,MY,Malaysia,Malaysia,Kuala Lumpur,Asia,MYR,Ringgit,60,142.0,Asia,35.0,South-eastern Asia,\N,\N,Independent,Developing,\N,\N,\N,329750.0,28274729.0
134,MV,MDV,462.0,MV,Maldives,Maldives,Male,Asia,MVR,Rufiyaa,960,142.0,Asia,34.0,Southern Asia,\N,\N,Independent,Developing,True,\N,\N,300.0,395650.0
135,ML,MLI,466.0,ML,Mali,Mali,Bamako,Africa,XOF,Franc,223,2.0,Africa,202.0,Sub-Saharan Africa,11.0,Western Africa,Independent,Developing,\N,True,True,1240000.0,13796354.0
136,MT,MLT,470.0,MT,Malta,Malta,Valletta,Europe,EUR,Euro,356,150.0,Europe,39.0,Southern Europe,\N,\N,Independent,Developed,\N,\N,\N,316.0,403000.0
137,MH,MHL,584.0,RM,Marshall Islands,Marshall Islands,Majuro,Oceania,USD,Dollar,692,9.0,Oceania,57.0,Micronesia,\N,\N,Independent,Developing,True,\N,\N,181.3,65859.0
138,MQ,MTQ,474.0,MB,Martinique,Martinique,Fort-de-France,North America,EUR,Euro,596,19.0,Americas,419.0,Latin America and the Caribbean,29.0,Caribbean,Part of FR,Developing,\N,\N,\N,1100.0,432900.0
139,MR,MRT,478.0,MR,Mauritania,Mauritania,Nouakchott,Africa,MRO,Ouguiya,222,2.0,Africa,202.0,Sub-Saharan Africa,11.0,Western Africa,Independent,Developing,\N,\N,True,1030700.0,3205060.0
140,MU,MUS,480.0,MP,Mauritius,Mauritius,Port Louis,Africa,MUR,Rupee,230,2.0,Africa,202.0,Sub-Saharan Africa,14.0,Eastern Africa,Independent,Developing,True,\N,\N,2040.0,1294104.0
141,YT,MYT,175.0,MF,Mayotte,Mayotte,Mamoudzou,Africa,EUR,Euro,262,2.0,Africa,202.0,Sub-Saharan Africa,14.0,Eastern Africa,Part of FR,Developing,\N,\N,\N,374.0,159042.0
142,MX,MEX,484.0,MX,Mexico,Mexico,Mexico City,North America,MXN,Peso,52,19.0,Americas,419.0,Latin America and the Caribbean,13.0,Central America,Independent,Developing,\N,\N,\N,1972550.0,112468855.0
143,FM,FSM,583.0,FM,Micronesia,Micronesia (Federated States of),Palikir,Oceania,USD,Dollar,691,9.0,Oceania,57.0,Micronesia,\N,\N,Independent,Developing,True,\N,\N,702.0,107708.0
144,MD,MDA,498.0,MD,Moldova,Republic of Moldova,Chisinau,Europe,MDL,Leu,373,150.0,Europe,151.0,Eastern Europe,\N,\N,Independent,Developed,\N,True,\N,33843.0,4324000.0
145,MC,MCO,492.0,MN,Monaco,Monaco,Monaco,Europe,EUR,Euro,377,150.0,Europe,155.0,Western Europe,\N,\N,Independent,Developed,\N,\N,\N,1.95,32965.0
146,MN,MNG,496.0,MG,Mongolia,Mongolia,Ulan Bator,Asia,MNT,Tugrik,976,142.0,Asia,30.0,Eastern Asia,\N,\N,Independent,Developing,\N,True,\N,1565000.0,3086918.0
147,ME,MNE,499.0,MJ,Montenegro,Montenegro,Podgorica,Europe,EUR,Euro,382,150.0,Europe,39.0,Southern Europe,\N,\N,Independent,Developed,\N,\N,\N,14026.0,666730.0
148,MS,MSR,500.0,MH,Montserrat,Montserrat,Plymouth,North America,XCD,Dollar,-663,19.0,Americas,419.0,Latin America and the Caribbean,29.0,Caribbean,Territory of GB,Developing,True,\N,\N,102.0,9341.0
149,MA,MAR,504.0,MO,Morocco,Morocco,Rabat,Africa,MAD,Dirham,212,2.0,Africa,15.0,Northern Africa,\N,\N,Independent,Developing,\N,\N,\N,446550.0,33848242.0
150,MZ,MOZ,508.0,MZ,Mozambique,Mozambique,Maputo,Africa,MZN,Metical,258,2.0,Africa,202.0,Sub-Saharan Africa,14.0,Eastern Africa,Independent,Developing,\N,\N,True,801590.0,22061451.0
151,MM,MMR,104.0,BM,Myanmar,Myanmar,Nay Pyi Taw,Asia,MMK,Kyat,95,142.0,Asia,35.0,South-eastern Asia,\N,\N,Independent,Developing,\N,\N,True,678500.0,53414374.0
152,\N,NAM,516.0,WA,Namibia,Namibia,Windhoek,Africa,NAD,Dollar,264,2.0,Africa,202.0,Sub-Saharan Africa,18.0,Southern Africa,Independent,Developing,\N,\N,\N,825418.0,2128471.0
153,NR,NRU,520.0,NR,Nauru,Nauru,Yaren,Oceania,AUD,Dollar,674,9.0,Oceania,57.0,Micronesia,\N,\N,Independent,Developing,True,\N,\N,21.0,10065.0
154,NP,NPL,524.0,NP,Nepal,Nepal,Kathmandu,Asia,NPR,Rupee,977,142.0,Asia,34.0,Southern Asia,\N,\N,Independent,Developing,\N,True,True,140800.0,28951852.0
155,NL,NLD,528.0,NL,Netherlands,Netherlands,Amsterdam,Europe,EUR,Euro,31,150.0,Europe,155.0,Western Europe,\N,\N,Independent,Developed,\N,\N,\N,41526.0,16645000.0
156,AN,ANT,530.0,NT,Netherlands Antilles,Netherlands Antilles,Willemstad,North America,ANG,Guilder,599,\N,\N,\N,\N,\N,\N,\N,\N,\N,\N,\N,960.0,300000.0
157,NC,NCL,540.0,NC,New Caledonia,New Caledonia,Noumea,Oceania,XPF,Franc,687,9.0,Oceania,54.0,Melanesia,\N,\N,Territory of FR,Developing,True,\N,\N,19060.0,216494.0
158,NZ,NZL,554.0,NZ,New Zealand,New Zealand,Wellington,Oceania,NZD,Dollar,64,9.0,Oceania,53.0,Australia and New Zealand,\N,\N,Independent,Developed,\N,\N,\N,268680.0,4252277.0
159,NI,NIC,558.0,NU,Nicaragua,Nicaragua,Managua,North America,NIO,Cordoba,505,19.0,Americas,419.0,Latin America and the Caribbean,13.0,Central America,Independent,Developing,\N,\N,\N,129494.0,5995928.0
160,NE,NER,562.0,NG,Niger,Niger,Niamey,Africa,XOF,Franc,227,2.0,Africa,202.0,Sub-Saharan Africa,11.0,Western Africa,Independent,Developing,\N,True,True,1267000.0,15878271.0
161,NG,NGA,566.0,NI,Nigeria,Nigeria,Abuja,Africa,NGN,Naira,234,2.0,Africa,202.0,Sub-Saharan Africa,11.0,Western Africa,Independent,Developing,\N,\N,\N,923768.0,154000000.0
162,NU,NIU,570.0,NE,Niue,Niue,Alofi,Oceania,NZD,Dollar,683,9.0,Oceania,61.0,Polynesia,\N,\N,Associated with NZ,Developing,True,\N,\N,260.0,2166.0
163,NF,NFK,574.0,NF,Norfolk Island,Norfolk Island,Kingston,Oceania,AUD,Dollar,672,9.0,Oceania,53.0,Australia and New Zealand,\N,\N,Territory of AU,Developed,\N,\N,\N,34.6,1828.0
164,KP,PRK,408.0,KN,North Korea,Democratic People's Republic of Korea,Pyongyang,Asia,KPW,Won,850,142.0,Asia,30.0,Eastern Asia,\N,\N,Independent,Developing,\N,\N,\N,120540.0,22912177.0
165,MP,MNP,580.0,CQ,Northern Mariana Islands,Northern Mariana Islands,Saipan,Oceania,USD,Dollar,-669,9.0,Oceania,57.0,Micronesia,\N,\N,Commonwealth of US,Developing,True,\N,\N,477.0,53883.0
166,NO,NOR,578.0,NO,Norway,Norway,Oslo,Europe,NOK,Krone,47,150.0,Europe,154.0,Northern Europe,\N,\N,Independent,Developed,\N,\N,\N,324220.0,5009150.0
167,OM,OMN,512.0,MU,Oman,Oman,Muscat,Asia,OMR,Rial,968,142.0,Asia,145.0,Western Asia,\N,\N,Independent,Developing,\N,\N,\N,212460.0,2967717.0
168,PK,PAK,586.0,PK,Pakistan,Pakistan,Islamabad,Asia,PKR,Rupee,92,142.0,Asia,34.0,Southern Asia,\N,\N,Independent,Developing,\N,\N,\N,803940.0,184404791.0
169,PW,PLW,585.0,PS,Palau,Palau,Melekeok,Oceania,USD,Dollar,680,9.0,Oceania,57.0,Micronesia,\N,\N,Independent,Developing,True,\N,\N,458.0,19907.0
170,PS,PSE,275.0,WE,Palestinian Territory,State of Palestine,East Jerusalem,Asia,ILS,Shekel,970,142.0,Asia,145.0,Western Asia,\N,\N,In contention,Developing,\N,\N,\N,5970.0,3800000.0
171,PA,PAN,591.0,PM,Panama,Panama,Panama City,North America,PAB,Balboa,507,19.0,Americas,419.0,Latin America and the Caribbean,13.0,Central America,Independent,Developing,\N,\N,\N,78200.0,3410676.0
172,PG,PNG,598.0,PP,Papua New Guinea,Papua New Guinea,Port Moresby,Oceania,PGK,Kina,675,9.0,Oceania,54.0,Melanesia,\N,\N,Independent,Developing,True,\N,\N,462840.0,6064515.0
173,PY,PRY,600.0,PA,Paraguay,Paraguay,Asuncion,South America,PYG,Guarani,595,19.0,Americas,419.0,Latin America and the Caribbean,5.0,South America,Independent,Developing,\N,True,\N,406750.0,6375830.0
174,PE,PER,604.0,PE,Peru,Peru,Lima,South America,PEN,Sol,51,19.0,Americas,419.0,Latin America and the Caribbean,5.0,South America,Independent,Developing,\N,\N,\N,1285220.0,29907003.0
175,PH,PHL,608.0,RP,Philippines,Philippines,Manila,Asia,PHP,Peso,63,142.0,Asia,35.0,South-eastern Asia,\N,\N,Independent,Developing,\N,\N,\N,300000.0,99900177.0
176,PN,PCN,612.0,PC,Pitcairn,Pitcairn,Adamstown,Oceania,NZD,Dollar,870,9.0,Oceania,61.0,Polynesia,\N,\N,Territory of GB,Developing,\N,\N,\N,47.0,46.0
177,PL,POL,616.0,PL,Poland,Poland,Warsaw,Europe,PLN,Zloty,48,150.0,Europe,151.0,Eastern Europe,\N,\N,Independent,Developed,\N,\N,\N,312685.0,38500000.0
178,PT,PRT,620.0,PO,Portugal,Portugal,Lisbon,Europe,EUR,Euro,351,150.0,Europe,39.0,Southern Europe,\N,\N,Independent,Developed,\N,\N,\N,92391.0,10676000.0
179,PR,PRI,630.0,RQ,Puerto Rico,Puerto Rico,San Juan,North America,USD,Dollar,+1-787 and 1-939,19.0,Americas,419.0,Latin America and the Caribbean,29.0,Caribbean,Commonwealth of US,Developing,True,\N,\N,9104.0,3916632.0
180,QA,QAT,634.0,QA,Qatar,Qatar,Doha,Asia,QAR,Rial,974,142.0,Asia,145.0,Western Asia,\N,\N,Independent,Developing,\N,\N,\N,11437.0,840926.0
181,CG,COG,178.0,CF,Republic of the Congo,Congo,Brazzaville,Africa,XAF,Franc,242,2.0,Africa,202.0,Sub-Saharan Africa,17.0,Middle Africa,Independent,Developing,\N,\N,\N,342000.0,3039126.0
182,RE,REU,638.0,RE,Reunion,Réunion,Saint-Denis,Africa,EUR,Euro,262,2.0,Africa,202.0,Sub-Saharan Africa,14.0,Eastern Africa,Part of FR,Developing,\N,\N,\N,2517.0,776948.0
183,RO,ROU,642.0,RO,Romania,Romania,Bucharest,Europe,RON,Leu,40,150.0,Europe,151.0,Eastern Europe,\N,\N,Independent,Developed,\N,\N,\N,237500.0,21959278.0
184,RU,RUS,643.0,RS,Russia,Russian Federation,Moscow,Europe,RUB,Ruble,7,150.0,Europe,151.0,Eastern Europe,\N,\N,Independent,Developed,\N,\N,\N,17100000.0,140702000.0
185,RW,RWA,646.0,RW,Rwanda,Rwanda,Kigali,Africa,RWF,Franc,250,2.0,Africa,202.0,Sub-Saharan Africa,14.0,Eastern Africa,Independent,Developing,\N,True,True,26338.0,11055976.0
186,BL,BLM,652.0,TB,Saint Barthelemy,Saint Barthélemy,Gustavia,North America,EUR,Euro,590,19.0,Americas,419.0,Latin America and the Caribbean,29.0,Caribbean,Part of FR,Developing,\N,\N,\N,21.0,8450.0
187,SH,SHN,654.0,SH,Saint Helena,Saint Helena,Jamestown,Africa,SHP,Pound,290,2.0,Africa,202.0,Sub-Saharan Africa,11.0,Western Africa,Territory of GB,Developing,\N,\N,\N,410.0,7460.0
188,KN,KNA,659.0,SC,Saint Kitts and Nevis,Saint Kitts and Nevis,Basseterre,North America,XCD,Dollar,-868,19.0,Americas,419.0,Latin America and the Caribbean,29.0,Caribbean,Independent,Developing,True,\N,\N,261.0,51134.0
189,LC,LCA,662.0,ST,Saint Lucia,Saint Lucia,Castries,North America,XCD,Dollar,-757,19.0,Americas,419.0,Latin America and the Caribbean,29.0,Caribbean,Independent,Developing,True,\N,\N,616.0,160922.0
190,MF,MAF,663.0,RN,Saint Martin,Saint Martin (French Part),Marigot,North America,EUR,Euro,590,19.0,Americas,419.0,Latin America and the Caribbean,29.0,Caribbean,Part of FR,Developing,\N,\N,\N,53.0,35925.0
191,PM,SPM,666.0,SB,Saint Pierre and Miquelon,Saint Pierre and Miquelon,Saint-Pierre,North America,EUR,Euro,508,19.0,Americas,21.0,Northern America,\N,\N,Part of FR,Developed,\N,\N,\N,242.0,7012.0
192,VC,VCT,670.0,VC,Saint Vincent and the Grenadines,Saint Vincent and the Grenadines,Kingstown,North America,XCD,Dollar,-783,19.0,Americas,419.0,Latin America and the Caribbean,29.0,Caribbean,Independent,Developing,True,\N,\N,389.0,104217.0
193,WS,WSM,882.0,WS,Samoa,Samoa,Apia,Oceania,WST,Tala,685,9.0,Oceania,61.0,Polynesia,\N,\N,Independent,Developing,True,\N,\N,2944.0,192001.0
194,SM,SMR,674.0,SM,San Marino,San Marino,San Marino,Europe,EUR,Euro,378,150.0,Europe,39.0,Southern Europe,\N,\N,Independent,Developed,\N,\N,\N,61.2,31477.0
195,ST,STP,678.0,TP,Sao Tome and Principe,Sao Tome and Principe,Sao Tome,Africa,STD,Dobra,239,2.0,Africa,202.0,Sub-Saharan Africa,17.0,Middle Africa,Independent,Developing,True,\N,True,1001.0,175808.0
196,SA,SAU,682.0,SA,Saudi Arabia,Saudi Arabia,Riyadh,Asia,SAR,Rial,966,142.0,Asia,145.0,Western Asia,\N,\N,Independent,Developing,\N,\N,\N,1960582.0,25731776.0
197,SN,SEN,686.0,SG,Senegal,Senegal,Dakar,Africa,XOF,Franc,221,2.0,Africa,202.0,Sub-Saharan Africa,11.0,Western Africa,Independent,Developing,\N,\N,True,196190.0,12323252.0
198,RS,SRB,688.0,RI,Serbia,Serbia,Belgrade,Europe,RSD,Dinar,381,150.0,Europe,39.0,Southern Europe,\N,\N,Independent,Developed,\N,\N,\N,88361.0,7344847.0
199,CS,SCG,891.0,YI,Serbia and Montenegro,Serbia and Montenegro,Belgrade,Europe,RSD,Dinar,381,\N,\N,\N,\N,\N,\N,\N,\N,\N,\N,\N,102350.0,10829175.0
200,SC,SYC,690.0,SE,Seychelles,Seychelles,Victoria,Africa,SCR,Rupee,248,2.0,Africa,202.0,Sub-Saharan Africa,14.0,Eastern Africa,Independent,Developing,True,\N,\N,455.0,88340.0
201,SL,SLE,694.0,SL,Sierra Leone,Sierra Leone,Freetown,Africa,SLL,Leone,232,2.0,Africa,202.0,Sub-Saharan Africa,11.0,Western Africa,Independent,Developing,\N,\N,True,71740.0,5245695.0
202,SG,SGP,702.0,SN,Singapore,Singapore,Singapore,Asia,SGD,Dollar,65,142.0,Asia,35.0,South-eastern Asia,\N,\N,Independent,Developing,True,\N,\N,692.7,4701069.0
203,SX,SXM,534.0,NN,Sint Maarten,Sint Maarten (Dutch part),Philipsburg,North America,ANG,Guilder,599,19.0,Americas,419.0,Latin America and the Caribbean,29.0,Caribbean,Part of NL,Developing,True,\N,\N,21.0,37429.0
204,SK,SVK,703.0,LO,Slovakia,Slovakia,Bratislava,Europe,EUR,Euro,421,150.0,Europe,151.0,Eastern Europe,\N,\N,Independent,Developed,\N,\N,\N,48845.0,5455000.0
205,SI,SVN,705.0,SI,Slovenia,Slovenia,Ljubljana,Europe,EUR,Euro,386,150.0,Europe,39.0,Southern Europe,\N,\N,Independent,Developed,\N,\N,\N,20273.0,2007000.0
206,SB,SLB,90.0,BP,Solomon Islands,Solomon Islands,Honiara,Oceania,SBD,Dollar,677,9.0,Oceania,54.0,Melanesia,\N,\N,Independent,Developing,True,\N,True,28450.0,559198.0
207,SO,SOM,706.0,SO,Somalia,Somalia,Mogadishu,Africa,SOS,Shilling,252,2.0,Africa,202.0,Sub-Saharan Africa,14.0,Eastern Africa,Independent,Developing,\N,\N,True,637657.0,10112453.0
208,ZA,ZAF,710.0,SF,South Africa,South Africa,Pretoria,Africa,ZAR,Rand,27,2.0,Africa,202.0,Sub-Saharan Africa,18.0,Southern Africa,Independent,Developing,\N,\N,\N,1219912.0,49000000.0
209,GS,SGS,239.0,SX,South Georgia and the South Sandwich Islands,South Georgia and the South Sandwich Islands,Grytviken,Antarctica,GBP,Pound,\N,19.0,Americas,419.0,Latin America and the Caribbean,5.0,South America,Territory of GB,Developing,\N,\N,\N,3903.0,30.0
210,KR,KOR,410.0,KS,South Korea,Republic of Korea,Seoul,Asia,KRW,Won,82,142.0,Asia,30.0,Eastern Asia,\N,\N,Independent,Developing,\N,\N,\N,98480.0,48422644.0
211,SS,SSD,728.0,OD,South Sudan,South Sudan,Juba,Africa,SSP,Pound,211,2.0,Africa,202.0,Sub-Saharan Africa,14.0,Eastern Africa,Independent,Developing,\N,True,True,644329.0,8260490.0
212,ES,ESP,724.0,SP,Spain,Spain,Madrid,Europe,EUR,Euro,34,150.0,Europe,39.0,Southern Europe,\N,\N,Independent,Developed,\N,\N,\N,504782.0,46505963.0
213,LK,LKA,144.0,CE,Sri Lanka,Sri Lanka,Colombo,Asia,LKR,Rupee,94,142.0,Asia,34.0,Southern Asia,\N,\N,Independent,Developing,\N,\N,\N,65610.0,21513990.0
214,SD,SDN,729.0,SU,Sudan,Sudan,Khartoum,Africa,SDG,Pound,249,2.0,Africa,15.0,Northern Africa,\N,\N,Independent,Developing,\N,\N,True,1861484.0,35000000.0
215,SR,SUR,740.0,NS,Suriname,Suriname,Paramaribo,South America,SRD,Dollar,597,19.0,Americas,419.0,Latin America and the Caribbean,5.0,South America,Independent,Developing,True,\N,\N,163270.0,492829.0
216,SJ,SJM,744.0,SV,Svalbard and Jan Mayen,Svalbard and Jan Mayen Islands,Longyearbyen,Europe,NOK,Krone,47,150.0,Europe,154.0,Northern Europe,\N,\N,Territory of NO,Developed,\N,\N,\N,62049.0,2550.0
217,SZ,SWZ,748.0,WZ,Swaziland,Eswatini,Mbabane,Africa,SZL,Lilangeni,268,2.0,Africa,202.0,Sub-Saharan Africa,18.0,Southern Africa,Independent,Developing,\N,True,\N,17363.0,1354051.0
218,SE,SWE,752.0,SW,Sweden,Sweden,Stockholm,Europe,SEK,Krona,46,150.0,Europe,154.0,Northern Europe,\N,\N,Independent,Developed,\N,\N,\N,449964.0,9828655.0
219,CH,CHE,756.0,SZ,Switzerland,Switzerland,Bern,Europe,CHF,Franc,41,150.0,Europe,155.0,Western Europe,\N,\N,Independent,Developed,\N,\N,\N,41290.0,7581000.0
220,SY,SYR,760.0,SY,Syria,Syrian Arab Republic,Damascus,Asia,SYP,Pound,963,142.0,Asia,145.0,Western Asia,\N,\N,Independent,Developing,\N,\N,\N,185180.0,22198110.0
221,TW,TWN,158.0,TW,Taiwan,Republic of China,Taipei,Asia,TWD,Dollar,886,142.0,Asia,30.0,Eastern Asia,\N,\N,Independent,\N,\N,\N,\N,35980.0,22894384.0
222,TJ,TJK,762.0,TI,Tajikistan,Tajikistan,Dushanbe,Asia,TJS,Somoni,992,142.0,Asia,143.0,Central Asia,\N,\N,Independent,Developing,\N,True,\N,143100.0,7487489.0
223,TZ,TZA,834.0,TZ,Tanzania,United Republic of Tanzania,Dodoma,Africa,TZS,Shilling,255,2.0,Africa,202.0,Sub-Saharan Africa,14.0,Eastern Africa,Independent,Developing,\N,\N,True,945087.0,41892895.0
224,TH,THA,764.0,TH,Thailand,Thailand,Bangkok,Asia,THB,Baht,66,142.0,Asia,35.0,South-eastern Asia,\N,\N,Independent,Developing,\N,\N,\N,514000.0,67089500.0
225,TL,TLS,626.0,TT,Timor Leste,Timor-Leste,Dili,Oceania,USD,Dollar,670,142.0,Asia,35.0,South-eastern Asia,\N,\N,Independent,Developing,True,\N,True,15007.0,1154625.0
226,TG,TGO,768.0,TO,Togo,Togo,Lome,Africa,XOF,Franc,228,2.0,Africa,202.0,Sub-Saharan Africa,11.0,Western Africa,Independent,Developing,\N,\N,True,56785.0,6587239.0
227,TK,TKL,772.0,TL,Tokelau,Tokelau,\N,Oceania,NZD,Dollar,690,9.0,Oceania,61.0,Polynesia,\N,\N,Territory of NZ,Developing,\N,\N,\N,10.0,1466.0
228,TO,TON,776.0,TN,Tonga,Tonga,Nuku'alofa,Oceania,TOP,Pa'anga,676,9.0,Oceania,61.0,Polynesia,\N,\N,Independent,Developing,True,\N,\N,748.0,122580.0
229,TT,TTO,780.0,TD,Trinidad and Tobago,Trinidad and Tobago,Port of Spain,North America,TTD,Dollar,-867,19.0,Americas,419.0,Latin America and the Caribbean,29.0,Caribbean,Independent,Developing,True,\N,\N,5128.0,1328019.0
230,TN,TUN,788.0,TS,Tunisia,Tunisia,Tunis,Africa,TND,Dinar,216,2.0,Africa,15.0,Northern Africa,\N,\N,Independent,Developing,\N,\N,\N,163610.0,10589025.0
231,TR,TUR,792.0,TU,Turkey,Turkey,Ankara,Asia,TRY,Lira,90,142.0,Asia,145.0,Western Asia,\N,\N,Independent,Developing,\N,\N,\N,780580.0,77804122.0
232,TM,TKM,795.0,TX,Turkmenistan,Turkmenistan,Ashgabat,Asia,TMT,Manat,993,142.0,Asia,143.0,Central Asia,\N,\N,Independent,Developing,\N,True,\N,488100.0,4940916.0
233,TC,TCA,796.0,TK,Turks and Caicos Islands,Turks and Caicos Islands,Cockburn Town,North America,USD,Dollar,-648,19.0,Americas,419.0,Latin America and the Caribbean,29.0,Caribbean,Territory of GB,Developing,\N,\N,\N,430.0,20556.0
234,TV,TUV,798.0,TV,Tuvalu,Tuvalu,Funafuti,Oceania,AUD,Dollar,688,9.0,Oceania,61.0,Polynesia,\N,\N,Independent,Developing,True,\N,True,26.0,10472.0
235,VI,VIR,850.0,VQ,U.S. Virgin Islands,United States Virgin Islands,Charlotte Amalie,North America,USD,Dollar,-339,19.0,Americas,419.0,Latin America and the Caribbean,29.0,Caribbean,Territory of US,Developing,True,\N,\N,352.0,108708.0
236,UG,UGA,800.0,UG,Uganda,Uganda,Kampala,Africa,UGX,Shilling,256,2.0,Africa,202.0,Sub-Saharan Africa,14.0,Eastern Africa,Independent,Developing,\N,True,True,236040.0,33398682.0
237,UA,UKR,804.0,UP,Ukraine,Ukraine,Kyiv,Europe,UAH,Hryvnia,380,150.0,Europe,151.0,Eastern Europe,\N,\N,Independent,Developed,\N,\N,\N,603700.0,45415596.0
238,AE,ARE,784.0,AE,United Arab Emirates,United Arab Emirates,Abu Dhabi,Asia,AED,Dirham,971,142.0,Asia,145.0,Western Asia,\N,\N,Independent,Developing,\N,\N,\N,82880.0,4975593.0
239,GB,GBR,826.0,UK,United Kingdom,United Kingdom of Great Britain and Northern Ireland,London,Europe,GBP,Pound,44,150.0,Europe,154.0,Northern Europe,\N,\N,Independent,Developed,\N,\N,\N,244820.0,62348447.0
240,US,USA,840.0,US,United States,United States of America,Washington,North America,USD,Dollar,1,19.0,Americas,21.0,Northern America,\N,\N,Independent,Developed,\N,\N,\N,9629091.0,310232863.0
241,UM,UMI,581.0,\N,United States Minor Outlying Islands,United States Minor Outlying Islands,\N,Oceania,USD,Dollar ,1,9.0,Oceania,57.0,Micronesia,\N,\N,Territories of US,Developing,\N,\N,\N,0.0,0.0
242,UY,URY,858.0,UY,Uruguay,Uruguay,Montevideo,South America,UYU,Peso,598,19.0,Americas,419.0,Latin America and the Caribbean,5.0,South America,Independent,Developing,\N,\N,\N,176220.0,3477000.0
243,UZ,UZB,860.0,UZ,Uzbekistan,Uzbekistan,Tashkent,Asia,UZS,Som,998,142.0,Asia,143.0,Central Asia,\N,\N,Independent,Developing,\N,True,\N,447400.0,27865738.0
244,VU,VUT,548.0,NH,Vanuatu,Vanuatu,Port Vila,Oceania,VUV,Vatu,678,9.0,Oceania,54.0,Melanesia,\N,\N,Independent,Developing,True,\N,True,12200.0,221552.0
245,VA,VAT,336.0,VT,Vatican,Holy See,Vatican City,Europe,EUR,Euro,379,150.0,Europe,39.0,Southern Europe,\N,\N,Independent,Developed,\N,\N,\N,0.44,921.0
246,VE,VEN,862.0,VE,Venezuela,Venezuela (Bolivarian Republic of),Caracas,South America,VES,Bolivar Soberano,58,19.0,Americas,419.0,Latin America and the Caribbean,5.0,South America,Independent,Developing,\N,\N,\N,912050.0,27223228.0
247,VN,VNM,704.0,VM,Vietnam,Viet Nam,Hanoi,Asia,VND,Dong,84,142.0,Asia,35.0,South-eastern Asia,\N,\N,Independent,Developing,\N,\N,\N,329560.0,89571130.0
248,WF,WLF,876.0,WF,Wallis and Futuna,Wallis and Futuna Islands,Mata Utu,Oceania,XPF,Franc,681,9.0,Oceania,61.0,Polynesia,\N,\N,Territory of FR,Developing,\N,\N,\N,274.0,16025.0
250,EH,ESH,732.0,WI,Western Sahara,Western Sahara,El-Aaiun,Africa,MAD,Dirham,212,2.0,Africa,15.0,Northern Africa,\N,\N,In contention,Developing,\N,\N,\N,266000.0,273008.0
251,YE,YEM,887.0,YM,Yemen,Yemen,Sanaa,Asia,YER,Rial,967,142.0,Asia,145.0,Western Asia,\N,\N,Independent,Developing,\N,\N,True,527970.0,23495361.0
252,ZM,ZMB,894.0,ZA,Zambia,Zambia,Lusaka,Africa,ZMW,Kwacha,260,2.0,Africa,202.0,Sub-Saharan Africa,14.0,Eastern Africa,Independent,Developing,\N,True,True,752614.0,13460305.0
253,ZW,ZWE,716.0,ZI,Zimbabwe,Zimbabwe,Harare,Africa,ZWL,Dollar,263,2.0,Africa,202.0,Sub-Saharan Africa,14.0,Eastern Africa,Independent,Developing,\N,True,\N,390580.0,13061000.0
80,\N,\N,\N,\N,Gaza Strip,Gaza Strip,\N,\N,\N,\N,\N,\N,\N,\N,\N,\N,\N,\N,\N,\N,\N,\N,\N,\N
249,\N,\N,\N,\N,West Bank,West Bank,\N,\N,\N,\N,\N,\N,\N,\N,\N,\N,\N,\N,\N,\N,\N,\N,\N,\N
